quarter,gdp_growth,inflation,unemployment,real_gdp,nominal_gdp,personal_tax,corporate_tax,personal_tax_rates,corporate_tax_rates,exports,imports,trade_balance,net_foreign_investment_income,debt_to_gdp,interest_rate,transfer_payments_ratio,federal_expenditures,government_transfer_payments,federal_surplus,simulation_type
2000Q1,1.4485476032213285,170.1276923076923,4.031351282133588,13878.147000000017,10002.179000000011,1215.8980000000004,239.3930000000014,0.137738886015378,0.238861349302224,1052.9039999999995,1409.487,-379.0880000000005,33.084,4326.403999999976,5.731904761904761,0.108373716317443,542.8933855885604,950.3049999999997,175.45600000000226,FRB/US FTPL
2000Q2,7.219604137991098,171.4461538461538,3.948221767667559,14130.908,10247.72,1238.067,237.6,0.137738886015378,0.237089037695671,1093.36,1455.86,-385.568,35.67000000000002,4147.230999999975,6.285468750000001,0.108704407637914,561.9959797336065,977.2710000000002,147.6340000000031,FRB/US FTPL
2000Q3,0.40752268148764853,172.9907692307692,4.028613760518085,14145.312000000018,10318.165000000015,1255.1329999999975,219.04900000000234,0.137738886015378,0.235266203156408,1125.0020000000006,1518.8690000000001,-417.8959999999996,30.48000000000002,4107.4819999999545,6.51142857142857,0.109040066886546,552.1598306199492,988.7380000000004,157.65199999999885,FRB/US FTPL
2000Q4,2.38105431395752,174.2276923076923,3.9185864634123098,14229.76500000006,10435.744000000022,1266.4719999999868,221.2670000000042,0.137738886015378,0.233412537911002,1113.1769999999997,1524.5199999999982,-425.1159999999982,54.68700000000006,4090.024999999943,6.499677419354841,0.109380760853581,554.3106851530055,1004.430999999998,157.99899999998908,FRB/US FTPL
2001Q1,-1.3133489796558708,175.8923076923077,4.232963529855931,14183.120000000128,10470.231000000033,1309.90599999998,185.05400000000492,0.137738886015378,0.231552607753602,1096.8120000000001,1499.463999999995,-428.5439999999943,40.06600000000014,4122.029999999893,5.611774193548388,0.109726546506346,569.5529980541154,1037.5159999999942,128.43199999998214,FRB/US FTPL
2001Q2,2.49024396591011,177.1384615384615,4.415715896965919,14271.694000000161,10599.000000000082,1316.1049999999618,179.04000000000826,0.137738886015378,0.229717726843516,1058.0130000000006,1422.028,-381.0039999999985,48.427000000000575,3976.228999999858,4.33078125,0.110077470842707,581.911015379948,1067.4749999999979,94.77799999995909,FRB/US FTPL
2001Q3,-1.6057756167256798,177.6153846153846,4.813780616663162,14214.516000000234,10598.020000000099,1121.6119999999391,159.257000000012,0.137738886015378,0.227940002468489,998.902000000001,1369.5359999999976,-413.739999999996,25.018000000000313,4058.180999999854,3.487936507936509,0.110433572317617,587.0723594453824,1073.866999999994,-130.0230000000482,FRB/US FTPL
2001Q4,1.0975945209452216,177.5030303030303,5.543299915504259,14253.574000000286,10660.465000000104,1240.283999999931,142.38600000001108,0.137738886015378,0.22625026808979,953.520000000001,1323.2079999999985,-353.0519999999964,87.94300000000032,4145.236999999753,2.153387096774194,0.110794881899888,597.7143320274474,1120.6709999999903,-33.0290000000631,FRB/US FTPL
2002Q1,3.331522227558281,178.05625,5.706287843275681,14372.78500000032,10783.500000000111,1082.7259999998896,143.823000000012,0.137738886015378,0.224675924390608,969.1570000000007,1356.0410000000004,-410.4319999999985,49.6430000000006,4183.972999999764,1.740806451612903,0.111161422276066,622.2241088214207,1152.0629999999876,-225.832000000113,FRB/US FTPL
2002Q2,2.4433486773887125,179.4630769230769,5.854081137684792,14460.848000000351,10887.460000000141,1058.955999999883,150.0300000000172,0.137738886015378,0.223237345555239,1004.1540000000008,1432.4130000000052,-458.6760000000029,30.92300000000079,4213.893999999584,1.7565625,0.111533211022401,638.4797578262611,1172.0859999999866,-262.15400000010845,FRB/US FTPL
2002Q3,1.622749618951502,180.4212121212121,5.740611949501864,14519.633000000338,10984.040000000168,1052.1899999998116,157.95900000001905,0.137738886015378,0.221945627881899,1015.5600000000024,1463.1070000000127,-459.416000000009,43.47500000000071,4314.503999999417,1.748125,0.111910262128689,645.5156896301038,1183.7159999999917,-278.6680000002068,FRB/US FTPL
2002Q4,0.49411489759094707,181.4954545454545,5.8612481089021555,14537.580000000378,11061.433000000196,1047.0939999997374,175.49600000002363,0.137738886015378,0.220802989763593,1003.0460000000023,1499.3350000000135,-495.9000000000104,59.1320000000003,4427.327999999417,1.455483870967742,0.112292586330221,660.6769401306099,1200.8429999999896,-304.59900000029614,FRB/US FTPL
2003Q1,2.1010403063421275,183.3390625,5.888651665410561,14614.14100000046,11174.129000000212,1029.1509999997154,196.05000000002815,0.137738886015378,0.219803396761454,1004.2010000000012,1529.4630000000118,-541.4480000000095,43.56000000000034,4517.8919999994505,1.255245901639345,0.112680190652636,666.1657784393328,1220.7149999999842,-330.4450000003091,FRB/US FTPL
2003Q2,3.5268921811479004,183.0661538461538,6.1667752415450625,14743.567000000496,11312.76600000025,1031.5549999997054,192.63100000003047,0.137738886015378,0.218933306258005,1007.4649999999998,1527.3360000000166,-517.344000000016,56.36500000000041,4585.5429999994,1.253749999999999,0.113073078340461,696.6818545234037,1238.3449999999873,-387.25500000031946,FRB/US FTPL
2003Q3,6.598081034378822,184.4212121212121,6.117294553133562,14988.782000000552,11566.669000000275,958.9849999996583,213.8670000000368,0.137738886015378,0.218175244735002,1037.3099999999986,1556.304000000018,-520.4200000000186,54.50300000000005,4702.628999999223,1.015,0.113471248746759,698.0923712918096,1256.5399999999845,-469.436000000358,FRB/US FTPL
2003Q4,4.616146818960232,185.1393939393939,5.827283440813447,15162.760000000535,11772.234000000282,1031.4319999995728,236.5710000000427,0.137738886015378,0.217506359090276,1091.6819999999993,1615.3760000000248,-509.96000000002437,79.5580000000002,4848.034999999107,0.999516129032258,0.11387469748381,718.7653397673986,1258.3009999999842,-402.3840000004726,FRB/US FTPL
2004Q1,2.2602080955621773,186.7061538461539,5.694431189534459,15248.68000000059,11923.447000000326,1021.8759999995094,246.989000000047,0.137738886015378,0.216900151157104,1133.6689999999994,1699.6440000000293,-547.9560000000296,98.00699999999951,4970.104999998799,1.003225806451613,0.114283416471711,728.1107282628707,1299.918999999984,-428.97400000053136,FRB/US FTPL
2004Q2,3.087859967579476,188.1661538461538,5.603463256276407,15366.850000000717,12112.815000000366,1035.8079999993624,266.7590000000548,0.137738886015378,0.216328019789282,1170.1519999999994,1787.7340000000268,-624.4360000000271,72.79499999999933,5018.843999998453,1.01328125,0.114697392178025,733.7314088563262,1313.9769999999787,-396.91700000070995,FRB/US FTPL
2004Q3,3.7764919540720148,189.3666666666667,5.45213913984665,15512.619000000845,12305.307000000414,1072.8789999991964,288.3450000000638,0.137738886015378,0.215757894368897,1180.1849999999997,1832.8560000000286,-646.0080000000281,81.61199999999933,5117.2639999985195,1.439375,0.115116606946076,745.7243500722719,1321.2069999999724,-365.9810000009019,FRB/US FTPL
2004Q4,4.060156528454684,191.4136363636364,5.40589179502195,15670.8800000009,12527.214000000457,1104.8549999991512,293.55500000007413,0.137738886015378,0.215155935220558,1221.4440000000022,1921.7800000000389,-725.1640000000353,54.438999999999446,5250.882999998148,1.957142857142858,0.115541038174976,740.3644753067376,1339.5849999999693,-382.0900000009248,FRB/US FTPL
2005Q1,4.413020211696761,192.3890625,5.295075261611727,15844.727000001005,12767.286000000488,1183.1499999989849,370.5930000000939,0.137738886015378,0.214487618460544,1258.4080000000004,1955.063000000042,-683.2960000000405,87.07799999999912,5403.994999997445,2.480483870967742,0.115970657036629,752.6078414862066,1381.9449999999622,-305.22900000110707,FRB/US FTPL
2005Q2,1.9656601234508742,193.6661538461538,5.1272898002704865,15922.78200000108,12922.656000000536,1206.2529999986732,359.0360000000989,0.137738886015378,0.213718822590066,1294.853000000001,2002.0630000000508,-722.568000000048,74.34199999999925,5356.9719999973,2.94265625,0.116405427815485,753.3677640558394,1396.3619999999628,-306.6770000014966,FRB/US FTPL
2005Q3,3.1230326804546844,196.6181818181818,4.980116892034158,16047.587000001167,13142.642000000622,1238.5979999985273,365.2230000001161,0.137738886015378,0.212821033296207,1302.3149999999994,2053.275000000062,-752.7720000000606,83.02599999999961,5443.775999997373,3.462343749999999,0.11684530919439,763.919647389352,1416.5029999999601,-300.591000001624,FRB/US FTPL
2005Q4,2.215916948830454,198.4230769230769,4.970610612827734,16136.734000001177,13324.204000000635,1268.6409999984396,402.88200000012483,0.137738886015378,0.211769816856963,1350.7430000000008,2155.5290000000737,-838.292000000071,54.75399999999945,5584.774999996601,3.976666666666667,0.117290253201153,762.541600746799,1425.7219999999602,-262.5320000017019,FRB/US FTPL
2006Q1,5.3456553790880434,199.4723076923077,4.733425339463858,16353.835000001307,13599.160000000722,1331.126999998061,416.8540000001442,0.137738886015378,0.210544886542884,1413.9659999999992,2204.7840000000797,-798.0240000000794,55.79099999999902,5726.755999996161,4.467258064516129,0.117740204591795,794.7900931569417,1473.0209999999565,-245.2890000021572,FRB/US FTPL
2006Q2,1.0336742995612271,201.2846153846154,4.671915225621452,16396.15100000136,13753.42400000078,1362.2489999977765,427.581000000158,0.137738886015378,0.209131792544202,1459.7670000000014,2253.809000000091,-819.8120000000886,49.45299999999872,5656.529999994874,4.90375,0.118195099704595,787.5518028598075,1494.4729999999568,-230.58000000247145,FRB/US FTPL
2006Q3,0.5993744160349481,203.1861538461538,4.666577660685269,16420.738000001482,13870.188000000951,1370.4239999972165,446.57100000018835,0.137738886015378,0.207522053950135,1475.4170000000013,2298.7020000001107,-873.7680000001095,36.45799999999781,5714.827999994552,5.249365079365077,0.118654868138452,775.7799100505408,1520.690999999965,-212.85100000313332,FRB/US FTPL
2006Q4,3.423110226170678,202.3215384615385,4.462871114348316,16561.86600000166,14039.56000000107,1418.9429999968943,409.79400000020064,0.137738886015378,0.205714016569984,1531.5310000000006,2269.198000000115,-774.9840000001177,44.13699999999483,5803.922999994643,5.245645161290323,0.119119432239517,793.6265874087906,1518.9469999999585,-199.05600000347167,FRB/US FTPL
2007Q1,1.2015362468552842,204.3062615384615,4.539896274775401,16611.690000001803,14215.65100000117,1478.687999996711,413.64600000023427,0.137738886015378,0.203713717025517,1577.991,2317.2640000001256,-801.2600000001282,42.94199999999432,5940.823999993258,5.261935483870968,0.119588707101234,787.2181088403664,1593.8799999999521,-209.84000000359808,FRB/US FTPL
2007Q2,2.4395931658759196,206.63481538461542,4.510605276084621,16713.314000001963,14402.082000001414,1509.6269999959998,407.1730000002615,0.137738886015378,0.201533207854443,1622.7640000000006,2368.5690000001587,-773.3360000001616,61.19399999999438,5819.982999993417,5.248906249999999,0.120062598960474,806.9059632588255,1584.1559999999627,-230.99600000444903,FRB/US FTPL
2007Q3,2.297492443727833,207.9161076923077,4.679084651981341,16809.587000002175,14564.117000001506,1511.8489999958194,370.91300000025717,0.137738886015378,0.199193427387734,1685.7099999999978,2414.664000000168,-703.024000000176,117.63399999999149,5941.9399999929465,5.09031746031746,0.12054100839862,814.1283252474402,1604.8659999999538,-278.9890000045919,FRB/US FTPL
2007Q4,2.5050862048850324,210.4555,4.820112924170091,16915.191000002473,14715.058000001703,1525.3539999954196,352.74500000028354,0.137738886015378,0.196722260633919,1750.7139999999997,2480.41300000019,-668.5760000001951,160.88599999999158,6074.314999990677,4.496451612903225,0.121023827622191,832.2060414497415,1641.1499999999426,-318.8810000050079,FRB/US FTPL
2008Q1,-1.7107102360071738,212.7513384615385,5.011185954671315,16843.003000002715,14706.53800000199,1549.8329999943821,291.92500000029247,0.137738886015378,0.194152924534172,1813.3210000000006,2584.568000000238,-729.1360000002451,150.80299999998886,6259.452999989843,3.168870967741936,0.121510940045049,847.2004582897924,1675.2679999999489,-404.574000006327,FRB/US FTPL
2008Q2,2.374650372532727,215.5080461538462,5.351879416134345,16943.291000003013,14865.701000002262,1566.9629999937292,278.7330000003186,0.137738886015378,0.191523437292143,1905.2820000000017,2681.68600000028,-719.2640000002913,157.50899999998362,6217.604999989918,2.0903125,0.122002220583853,869.2997379006224,2021.8069999999386,-776.4460000071285,FRB/US FTPL
2008Q3,-2.1065695211063935,218.8659393939394,6.043409219166311,16854.295000003287,14898.999000002475,1512.8489999934077,264.3680000003267,0.137738886015378,0.18887284660724,1922.215000000002,2709.5690000003106,-712.7760000003233,176.73099999998195,6762.925999988914,1.9575000000000102,0.122497535789656,879.539314947516,1811.347999999942,-619.5390000073653,FRB/US FTPL
2008Q4,-8.853365095787069,213.8802878787879,6.8924212210415305,16485.350000003502,14608.20900000259,1468.1039999926898,162.552000000282,0.137738886015378,0.186240771768159,1700.3040000000037,2328.7790000002756,-624.9160000002904,95.81399999997792,7376.816999994886,0.534032258064516,0.122996764946469,888.9511590126106,1777.6859999999285,-699.1890000082847,FRB/US FTPL
2009Q1,-4.5654525439658755,212.3674375,8.31165792956189,16298.262000003275,14430.902000002347,1215.9139999944564,166.47600000022206,0.137738886015378,0.183666181776368,1511.7680000000005,1932.7610000002396,-397.60800000025455,120.6819999999806,7820.166999998496,0.187049180327869,0.12349978368454,900.2489967466563,1889.8769999999217,-1100.3230000057772,FRB/US FTPL
2009Q2,-0.715242887060441,213.5144615384615,9.309448499627342,16269.145000002887,14381.236000002016,1144.8479999954818,188.5680000002238,0.137738886015378,0.181182706489851,1521.0930000000021,1879.4610000002474,-348.3560000002579,122.76599999998295,8162.893999997428,0.17859375,0.12400646050365,923.2615411524482,2024.2069999999185,-1300.8470000042532,FRB/US FTPL
2009Q3,1.4023086188522882,215.3331060606061,9.6414581776421,16326.281000002778,14448.882000001935,1146.6419999951079,200.68100000020914,0.137738886015378,0.178815325443615,1594.7250000000035,2018.722000000271,-365.5360000002789,182.42599999998336,8557.507999996895,0.154615384615385,0.124516663149986,932.5292748290186,2049.7939999999135,-1307.4020000047956,FRB/US FTPL
2009Q4,4.300454151699995,217.0317121212121,9.951066554398384,16502.75400000287,14651.249000001992,1153.1779999947603,234.1610000002374,0.137738886015378,0.176582997382377,1703.508000000006,2176.7630000002932,-407.4160000003006,175.09599999998204,8882.644999994016,0.118709677419355,0.125030266622286,948.9822279070129,2047.2379999999098,-1264.1260000052428,FRB/US FTPL
2010Q1,1.93332408827942,217.374796875,9.854748771420011,16582.710000003204,14764.61000000226,1204.0269999936497,249.7730000002659,0.137738886015378,0.174497749798008,1759.877000000006,2269.069000000312,-412.13600000031977,204.28499999998112,9343.728999994166,0.13672131147541,0.125547153632512,958.8948666439127,2159.561999999899,-1344.4170000067566,FRB/US FTPL
2010Q2,3.8517399290491023,217.2974461538462,9.684375002599047,16743.162000003493,14980.193000002495,1226.8469999932724,255.5930000002944,0.137738886015378,0.172567020761479,1819.7410000000075,2362.2550000003343,-446.9440000003425,206.83099999997864,9692.461999995066,0.191875,0.126067212730275,969.1469900228699,2165.1769999998946,-1325.0390000071623,FRB/US FTPL
2010Q3,3.072509082005581,217.9343333333333,9.502867784197052,16872.266000003678,15141.607000002667,1268.9259999932583,272.5610000003109,0.137738886015378,0.17079414953149,1877.2530000000081,2431.195000000361,-466.47600000037113,198.105999999976,10099.247999997116,0.1884375,0.126590343725849,966.478093641598,2189.8269999998934,-1309.1480000070082,FRB/US FTPL
2010Q4,2.094945457780284,219.7207727272727,9.555559732412169,16960.8640000037,15309.474000002756,1306.1299999936414,283.99600000033024,0.137738886015378,0.169179209610059,1972.1160000000104,2495.702000000395,-402.4840000004059,213.3109999999742,10528.561999996753,0.189365079365079,0.127116456090714,966.495415581859,2201.198999999904,-1294.8420000063252,FRB/US FTPL
2011Q1,-0.9499466944170368,222.077265625,9.055626694686534,16920.632000003807,15351.448000002858,1440.1229999931504,277.2860000003664,0.137738886015378,0.167718604336635,2040.407000000011,2608.884000000426,-476.94400000043703,222.88699999997206,10774.64799999492,0.155483870967742,0.127645469268636,942.7074762707896,2209.788999999897,-1244.4080000068684,FRB/US FTPL
2011Q2,2.6972149874737283,224.5756461538462,9.091062219434999,17035.114000004163,15557.539000003133,1459.3679999922333,276.9150000003703,0.137738886015378,0.166405934938356,2116.1320000000146,2697.224000000456,-477.74000000046794,222.47099999996763,10885.274999991172,0.09328125,0.128177311804698,938.7233101785984,2210.0299999998965,-1274.4050000081013,FRB/US FTPL
2011Q3,-0.08926090230190177,226.0434393939394,9.035446925091733,17031.313000004655,15647.680000003684,1487.8269999905467,248.15300000037806,0.137738886015378,0.165233783883135,2156.7930000000156,2723.9030000005037,-427.44000000051847,245.81799999996522,11276.943999989391,0.08390625,0.128711919807037,910.7608904615471,2200.317999999903,-1218.4590000103467,FRB/US FTPL
2011Q4,4.467158724596487,227.0519076923077,8.675531842014426,17222.583000005157,15842.259000004213,1487.7119999893705,286.99700000045624,0.137738886015378,0.164192211685416,2150.1230000000173,2751.9110000005553,-439.0840000005754,260.5519999999584,11667.249999989439,0.075081967213115,0.129249235162612,915.5040480995935,2209.7449999999117,-1199.2890000118807,FRB/US FTPL
2012Q1,3.3403767275260066,228.3259538461539,8.269110081175892,17367.010000005623,16068.805000004597,1483.71799998861,310.71400000053166,0.137738886015378,0.163266170849852,2189.981000000018,2792.2530000005977,-455.6480000006224,246.1879999999533,12049.104999983767,0.106290322580645,0.129789203612067,915.6159790820661,2199.262999999903,-1110.394000012563,FRB/US FTPL
2012Q2,1.7813665065467885,228.80507692307688,8.18495390690577,17444.52500000645,16207.11500000524,1503.7759999859632,325.04100000062925,0.137738886015378,0.16243721945537,2215.5860000000166,2780.827000000632,-440.0160000006598,228.0959999999499,12253.604999983196,0.15453125,0.130331774270974,906.9366009365249,2229.9999999998836,-1093.1200000161016,FRB/US FTPL
2012Q3,0.5756975059568962,229.8060615384615,8.024221356944027,17469.650000007012,16319.54100000583,1526.452999985071,332.87600000071825,0.137738886015378,0.161684762037743,2227.734000000013,2750.8170000006876,-395.46400000072595,229.21099999994306,12503.108999985525,0.146190476190476,0.130876897574837,911.882543663766,2242.470999999888,-1086.7440000170568,FRB/US FTPL
2012Q4,0.46229496630729744,231.3756515151515,7.818849601664814,17489.852000007286,16420.41900000616,1590.9119999845361,332.8300000007724,0.137738886015378,0.160987432889265,2237.4980000000123,2753.3730000007577,-381.60000000079975,227.2669999999409,12847.827999983152,0.160967741935484,0.131424525764301,887.3513464718787,2247.802999999893,-1000.4850000172053,FRB/US FTPL
2013Q1,3.9269037062162226,232.269984375,7.758077778274282,17662.400000007816,16648.189000006685,1667.9719999835165,350.616000000859,0.137738886015378,0.160324011590242,2255.9290000000124,2755.2770000008204,-363.69200000086704,215.89699999993758,13195.651999982361,0.144262295081967,0.131974611924474,860.1175700085684,2260.364999999897,-774.2600000185564,FRB/US FTPL
2013Q2,1.0691153060655272,232.0303538461538,7.5507601737861085,17709.671000008282,16728.68700000716,1700.9759999823534,347.250000000913,0.137738886015378,0.159673595039269,2261.403000000013,2759.783000000885,-356.6440000009372,229.01499999993032,13104.007999984822,0.11703125,0.132527108813019,853.8727577827982,2276.728999999899,-531.2890000197633,FRB/US FTPL
2013Q3,3.3911586210081173,233.29024242424236,7.271445635039186,17860.450000008794,16953.838000007552,1694.8619999822715,353.8540000009646,0.137738886015378,0.159016821263779,2285.1160000000114,2767.1830000009354,-341.568000000993,240.41799999992568,13257.918999982958,0.08546875,0.13308196811715,843.5758238530576,2298.7099999998773,-703.3950000194802,FRB/US FTPL
2013Q4,3.4718560953152178,234.1561363636364,6.9668853920903775,18016.147000009332,17192.019000008095,1718.8369999808338,356.6490000010221,0.137738886015378,0.158335711810697,2349.240000000015,2783.259000001007,-296.1640000010609,235.6199999999253,13705.126999979666,0.085483870967742,0.133639140079929,830.4718887325886,2264.880999999878,-526.7980000211139,FRB/US FTPL
2014Q1,-1.382771259849846,235.61175,6.642746676090202,17953.974000009926,17197.73800000875,1767.6239999785719,392.6210000012603,0.137738886015378,0.15761396273714,2343.6020000000185,2853.690000001114,-363.65600000117524,237.46699999991557,13954.550999981093,0.072786885245902,0.13419857313486,820.24011948481,2311.646999999882,-556.5640000236893,FRB/US FTPL
2014Q2,5.134276091671809,236.8668153846154,6.231531604895467,18185.911000010594,17518.508000009475,1779.4259999776132,414.28100000132656,0.137738886015378,0.156836826915499,2395.1680000000233,2900.5720000012084,-348.6760000012717,228.39699999990987,13911.00099997702,0.09109375,0.134760210464934,815.2974102951237,2324.545999999887,-580.2420000245461,FRB/US FTPL
2014Q3,4.83225933032827,237.4789090909091,6.110223979229807,18406.94100001145,17804.228000010335,1819.8579999750582,386.70500000130636,0.137738886015378,0.155994764923288,2399.191000000022,2888.549000001283,-356.7560000013495,252.00199999990545,14141.264999975929,0.0896875,0.135323991116997,831.9599673951119,2354.1769999998864,-627.9250000278291,FRB/US FTPL
2014Q4,2.017834406187547,236.8840303030303,5.722181558566509,18500.031000012186,17912.07900001111,1857.3549999733802,390.3900000014251,0.137738886015378,0.155082800742595,2376.21800000003,2906.969000001376,-411.13600000144794,222.76799999989362,14441.053999979562,0.10209677419355177,0.135889849061012,815.938900603433,2425.462999999891,-611.3530000295358,FRB/US FTPL
2015Q1,3.585819150779201,235.35540625000002,5.539569541245997,18666.62100001268,18063.529000011684,1927.546999973212,402.74600000157596,0.137738886015378,0.154098009562537,2299.0450000000264,2825.4760000014144,-397.58000000149406,222.74099999989062,14519.908999987805,0.11459016393442603,0.136457713378069,820.3044004577232,2472.6619999999093,-578.6810000290923,FRB/US FTPL
2015Q2,2.469978633014591,236.9593692307692,5.447266579066097,18782.243000012793,18279.78400001182,1965.721999974889,408.31100000164054,0.137738886015378,0.153039967820364,2300.441000000024,2809.968000001473,-397.9000000015578,211.98299999988683,14505.615999979938,0.1259375,0.137027511165673,825.0878184138709,2491.3759999999,-545.3770000260429,FRB/US FTPL
2015Q3,1.597784846293138,237.8550151515151,5.131069976253213,18857.418000013622,18401.626000012686,1971.5549999713917,380.2240000016612,0.137738886015378,0.151912262818604,2260.7240000000224,2798.8060000015357,-439.70800000162586,213.15999999988335,14600.729999979618,0.135692307692308,0.13759916913263,824.2979838426976,2527.959999999908,-565.2470000307713,FRB/US FTPL
2015Q4,0.7372366908597886,237.8331212121212,5.042444871086344,18892.2060000145,18435.13700001349,1987.4419999698698,349.3170000016968,0.137738886015378,0.150723320187812,2222.279000000021,2745.5170000015696,-398.62800000166214,232.6299999998822,15165.625999983542,0.160806451612903,0.138172612729691,832.9691191198083,2450.029999999899,-540.4530000323259,FRB/US FTPL
2016Q1,2.311386607399868,237.7013538461538,4.908896036773976,19001.690000015118,18525.933000014098,1949.9309999699874,364.1040000017803,0.137738886015378,0.149485186094272,2181.957000000021,2693.639000001621,-416.06000000172634,214.62599999986904,15401.75499997623,0.365806451612903,0.13874776650914,831.6053970245458,2550.5829999999037,-638.7610000316324,FRB/US FTPL
2016Q2,1.2824382650904913,239.5995384615385,4.934532161880022,19062.709000016188,18711.702000015266,1967.5679999661918,367.1370000019554,0.137738886015378,0.148212833022318,2221.9360000000215,2711.3060000017267,-401.9240000018448,215.7469999998558,15409.706999960783,0.37,0.139324548701176,824.5302398439508,2564.098999999906,-654.5620000365944,FRB/US FTPL
2016Q3,2.8275436764815254,240.6140606060606,4.899861195045155,19197.93800001819,18892.63900001729,1996.03499995916,375.5140000022088,0.137738886015378,0.146924312334497,2270.000000000025,2751.2290000018584,-398.24800000198945,219.823999999839,15668.29699995445,0.3953125,0.139902875429288,830.2858531058043,2606.0689999999026,-681.7690000460166,FRB/US FTPL
2016Q4,2.211074114526212,242.1407230769231,4.792278801810013,19304.352000020343,19089.379000019453,2017.6839999542526,353.4260000022889,0.137738886015378,0.145641684433255,2268.3390000000245,2799.1450000020195,-368.6320000021561,275.26299999983496,16008.290999955376,0.449180327868853,0.140482659317988,831.9151017655868,2597.076999999904,-694.1170000521254,FRB/US FTPL
2017Q1,1.9428349324464025,243.8343384615385,4.582740611652187,19398.343000021996,19280.08400002122,2028.2449999515147,266.9070000018678,0.137738886015378,0.144391454091473,2339.7280000000223,2873.1480000022507,-341.8520000024046,272.27299999982097,16005.62499994387,0.703870967741935,0.141063810062694,826.3784363158317,2605.435999999904,-710.078000055227,FRB/US FTPL
2017Q2,2.2332444052338474,244.1159692307692,4.376841266228788,19506.9490000242,19438.64300002346,2037.08799994486,279.58900000215965,0.137738886015378,0.143202790176289,2349.6810000000214,2903.180000002452,-415.7600000026207,264.16199999980563,15964.127999946211,0.952812499999999,0.141646232116232,834.3091526935301,2657.8859999999067,-727.800000063386,FRB/US FTPL
2017Q3,3.1417261027712584,245.2838,4.328403519485778,19660.766000025935,19692.595000025292,2080.122999942299,295.6950000024089,0.137738886015378,0.142101341430041,2384.5240000000244,2916.0220000026707,-343.0640000028563,308.45499999978523,16267.150999951138,1.155555555555554,0.14222982307925,832.913305969926,2691.053999999895,-741.8050000655523,FRB/US FTPL
2017Q4,4.482971107781708,247.2296153846154,4.185744293540872,19882.352000027455,20037.08800002694,2149.563999940532,296.92400000252417,0.137738886015378,0.141110347010155,2479.1070000000323,3034.004000003005,-369.78400000320397,326.90999999976344,16606.938999937145,1.201774193548386,0.142814474733964,849.3451050205713,2713.1449999999013,-767.5050000667178,FRB/US FTPL
2018Q1,3.2404778197076216,249.3081692307692,4.040592988877217,20044.077000029665,20328.553000029373,2096.4799999327374,270.3590000024731,0.137738886015378,0.140251499457331,2517.268000000042,3093.2990000033096,-387.6920000035079,314.8219999997557,17070.61699990032,1.447903225806453,0.143400072796428,862.8761987301409,2744.155999999906,-884.2770000767052,FRB/US FTPL
2018Q2,2.117684921592655,250.6824769230769,3.938462641909569,20150.476000034123,20580.91200003411,2083.7649999152245,289.50500000296586,0.137738886015378,0.139544737494224,2562.1720000000473,3105.9950000035824,-376.6160000038206,303.47099999971016,17114.19599987724,1.737187500000001,0.143986495771684,870.2329355783924,2774.225999999905,-901.0610000997675,FRB/US FTPL
2018Q3,2.4870419301869617,251.6707230769231,3.801181929512563,20276.154000039245,20798.730000039483,2110.727999900695,287.14200000339235,0.137738886015378,0.139006366169256,2535.5010000000525,3153.7470000039725,-477.7960000042679,268.24399999964805,17440.620999889725,1.923492063492064,0.144573614162037,885.7570420665976,2766.9349999999054,-879.8100001176032,FRB/US FTPL
2018Q4,0.5661759933339281,252.7110757575758,3.8465539680590033,20304.87400004234,20917.86700004286,2108.5909998982875,293.3300000037157,0.137738886015378,0.138649949694211,2537.415000000046,3171.62200000436,-517.2920000047036,274.69199999960557,17865.025999870628,2.21709677419355,0.145161289504258,895.2826396909217,2818.6559999999135,-960.390000118132,FRB/US FTPL
2019Q1,2.489509162980141,253.3609375,3.867647667314887,20431.64100004634,21111.600000047205,2181.162999884565,269.1790000037613,0.137738886015378,0.138486252143326,2540.2440000000456,3132.539000004712,-460.5160000051038,292.31499999955764,18143.778999863956,2.401311475409838,0.145749372033422,916.5480293677651,2913.2209999999172,-1035.6490001351456,FRB/US FTPL
2019Q2,3.3267111732243393,255.2491384615385,3.6703758416121084,20602.275000050115,21397.938000051443,2244.2879998757826,282.4280000042027,0.137738886015378,0.138523426845819,2547.4480000000426,3165.410000005232,-468.02800000568783,292.91499999949934,18053.020999853103,2.3978125,0.146337701402653,916.2978489352582,2939.8369999999436,-1055.4320001449858,FRB/US FTPL
2019Q3,4.65284103243988,256.0798181818182,3.631264444943691,20843.322000054686,21717.17100005623,2222.061999864968,280.98600000446976,0.137738886015378,0.138765394129993,2532.405000000038,3117.9520000055777,-440.6320000060732,279.74599999946344,18616.232999853524,2.1978125,0.146926109555476,930.7512433421102,2951.4529999999318,-1064.6740001575938,FRB/US FTPL
2019Q4,2.7182543872896763,257.8770303030303,3.578820079612594,20985.448000058645,21933.217000060547,2253.05999985681,302.2130000051692,0.137738886015378,0.139212393424697,2537.4660000000395,3050.8240000059336,-397.832000006492,262.6059999993985,19039.897999856254,1.650483870967741,0.147514419662794,937.416481613208,2988.8489999999347,-1019.4140001657886,FRB/US FTPL
2020Q1,-5.608905960944099,258.75473846153847,3.8440229316168835,20693.2380000611,21727.65700006316,2276.1679998499035,255.92800000509774,0.137738886015378,0.139860549902949,2416.181000000035,2929.7590000061214,-402.1280000066425,271.2919999994391,19539.607999836688,1.232903225806452,0.148102444653039,949.1318254415992,3052.6299999999096,-1072.4130001722124,FRB/US FTPL
2020Q2,-32.957035958061454,256.3333538461537,13.019188117253027,19056.61700005583,19935.44400005726,2133.6389998435534,266.0340000053439,0.137738886015378,0.14070302662505,1814.4010000000228,2350.9260000051877,-601.4440000057464,178.41099999940917,22391.681999986362,0.05875,0.148689986856235,1047.295435469341,5351.611999999788,-5349.86700018452,FRB/US FTPL
2020Q3,30.155125632643376,259.22715151515155,8.83606557968588,20548.793000057216,21684.551000059524,2275.1719998766134,340.1070000054782,0.137738886015378,0.141728805464051,2105.083000000021,2801.4820000066043,-675.7160000072255,209.8769999993547,22920.57899986501,0.092769230769231,0.149276838936542,991.708833370065,4238.540999999917,-3362.884000129853,FRB/US FTPL
2020Q4,4.3155382613235815,261.06648484848506,6.750529253346262,20771.69100006452,22068.767000068,2406.7499998278095,333.6220000066222,0.137738886015378,0.14292467119638,2268.891000000033,3027.1990000074466,-725.5160000081355,186.80799999927785,23621.05999983684,0.089032258064516,0.149862894645914,996.9222467672281,3591.2069999999876,-1977.8440001965635,FRB/US FTPL
2021Q1,5.48299324247381,263.71043750000024,6.242108359109816,21058.37900006823,22656.793000073034,2578.095999806858,373.08200000702476,0.137738886015378,0.144274517467394,2381.224000000037,3176.982000008255,-758.0160000090285,183.4629999991901,23962.808999689118,0.076393442622951,0.150448090470693,1055.6183351263762,5880.261000000025,-4170.417000224266,FRB/US FTPL
2021Q2,6.231388706405738,268.6252923076926,5.9393361149051245,21389.005000087276,23368.86100009522,2706.2029997373475,437.5930000097081,0.137738886015378,0.145760578909852,2505.0320000000343,3340.1140000092,-844.9400000100829,129.99199999908575,24321.358999269745,0.06875,0.151032373729564,1023.7299908602314,4174.350000000076,-3359.541000322351,FRB/US FTPL
2021Q3,3.396932727855529,272.89000000000027,5.133398153935182,21571.421000126425,23921.99100014037,2781.7729995592003,463.8580000147075,0.137738886015378,0.147362907875707,2570.102999999973,3458.7830000105114,-939.9720000116606,135.42099999888435,24449.967998840293,0.0903125,0.151615800103444,996.7099255439292,3933.237000000131,-2270.413000569061,FRB/US FTPL
2021Q4,7.148379283929529,278.7466060606062,4.178407805880358,21960.388000185612,24777.038000209366,2880.1519993562165,526.0000000239291,0.137738886015378,0.149060621433643,2765.359999999785,3685.9560000131787,-928.9920000147621,161.7329999986362,25304.483998136402,0.07952380952381,0.152198453820738,1010.0343715497252,3730.160000000103,-1554.6940008424556,FRB/US FTPL
2022Q1,-1.03114580445407,284.9157656250005,3.849260983454714,21903.850000270653,25215.491000313912,3289.0929990457566,550.4120000373983,0.137738886015378,0.150832901061779,2848.697999999419,3925.7420000179127,-1167.2760000205158,117.65099999800391,26035.87099684224,0.124354838709677,0.152780432637255,978.5408568086732,3806.4670000004844,-897.4230012631367,FRB/US FTPL
2022Q2,0.2806193188867214,291.7516000000011,3.672349672513562,21919.22200041064,25805.791000490954,3332.0309984690007,574.7100000568954,0.137738886015378,0.15266150188567,3071.550999998693,4093.663000025777,-1052.396000029783,160.97399999736564,26070.380995522417,0.758571428571428,0.153361834908307,971.7070701671487,3832.4020000013,-907.8920020548416,FRB/US FTPL
2022Q3,2.683809095897516,295.51251515151637,3.5663602490341937,22066.78400058305,26272.011000703336,3258.702997814119,561.2260000777871,0.137738886015378,0.154532068202416,3102.549999997573,3988.4470000343003,-922.116000040198,176.56499999661906,26488.09399333328,2.2009375,0.153942757869117,971.171131077185,3903.0220000016484,-1052.5420029076133,FRB/US FTPL
2022Q4,3.297680895829558,298.4498923076933,3.5815495074664323,22249.45900083107,26734.277001007104,3236.8449967846864,569.0860001126123,0.137738886015378,0.156433452145118,3046.717999996071,3897.402000045609,-906.6040000543786,141.89799999524558,26851.375990735814,3.649672131147545,0.154523293568654,1002.9528885963298,3967.5010000017373,-1223.2870042494176,FRB/US FTPL
2023Q1,2.758640648885091,301.2019076923092,3.5147932207692296,22403.435001138656,27164.35900139303,2869.0359955123945,592.9330001620731,0.137738886015378,0.158355983382441,3060.5619999940686,3874.2100000638075,-921.3200000756772,100.06599999419579,27248.22798704686,4.521935483870969,0.155103527996035,1016.7380841857774,4001.965000002587,-1637.5440058665308,FRB/US FTPL
2023Q2,2.420556886008996,303.4784769230786,3.559571060563204,22539.418001562193,27453.815001915787,2864.1029937558133,591.8640002206695,0.137738886015378,0.160291748132074,2995.5239999917967,3799.00300008545,-930.4120001034528,104.73199999037678,27766.008984040465,4.98730158730159,0.155683540408126,1013.4579440648622,4037.5900000030742,-1659.4790080967825,FRB/US FTPL
2023Q3,4.263290666428077,306.0390307692322,3.697013724305711,22780.93300206014,27967.697002538902,2901.327991931501,617.7820002945307,0.137738886015378,0.162235295151518,3062.0409999883427,3843.1320001191007,-882.6360001456158,100.5009999852994,28668.651983758617,5.262380952380953,0.156263401225584,1031.5863491599,4016.6670000031195,-1677.180010378656,FRB/US FTPL
2023Q4,3.142315747994928,308.0891076923092,3.7617323611559352,22960.60000244411,28296.967003020218,2930.193991010588,631.6900003478846,0.137738886015378,0.164182982101631,3091.747999984166,3882.8990001613056,-887.1360001958795,94.88199998143217,29471.809983820833,5.330000000000001,0.156843170927778,1032.3176495252433,3992.031000003597,-1691.4170113747841,FRB/US FTPL
2024Q1,1.615940084276701,310.9495230769255,3.7807176669141063,23053.545002732888,28624.069003411238,3002.3429901590516,630.2500004040985,0.137738886015378,0.166132728153065,3125.4209999796453,3966.989000208906,-963.9360002538579,82.19099997569752,30039.200977324617,5.330000000000001,0.157422896349457,1028.5536098681432,4101.541000005908,-1746.147012229345,FRB/US FTPL
2024Q2,2.945050196127852,313.1647538461579,3.9607453737402554,23223.906003354754,29016.71400422366,3058.5789869941223,657.3950005066172,0.137738886015378,0.168083120158519,3154.3209999748688,4061.192000264485,-1067.14800032086,59.900999969220244,30153.179974043676,5.33,0.158002607514334,1043.1926082957975,4219.362000008902,-1763.6420162478958,FRB/US FTPL
2024Q3,1.383209596213951,315.46753455000544,4.294363419653035,23304.353842585802,29198.00554364024,3044.7381608503724,666.7106987911724,0.137738886015378,0.168083120158519,3167.0854082493497,4150.367999191015,-1208.8237418308809,-8.728641634081942,30217.114932725817,4.94435440636,0.158002607514334,1060.1113865924433,4303.733529232099,-1915.5086059182506,FRB/US FTPL
2024Q4,1.976851076672138,317.2576769740055,4.399999999989777,23419.812004568816,29432.026526690188,3176.754999894371,681.7367556298194,0.137738886015378,0.168083120158519,3193.3357644531297,4234.828498726344,-1302.435895863826,-42.574739301645096,30728.555784725108,4.5587088127402,0.158002607514334,1072.724555193091,4388.746880163848,-1894.2253966512058,FRB/US FTPL
2000Q1,1.4485476032213285,170.1276923076923,4.0313512821335395,13878.147000000015,10002.17900000001,1215.8980000000015,239.39300000000088,0.137738886015378,0.238861349302224,1052.9039999999995,1409.4870000000017,-379.08800000000224,33.083999999999946,4326.4039999999995,5.731904761904761,0.108373716317443,542.8933855885602,950.3049999999995,175.45600000000363,FRB/US
2000Q2,7.219604137991809,171.4461538461538,3.9482217676673934,14130.908000000041,10247.719999999998,1238.067000000004,237.59999999999715,0.137738886015378,0.237089037695671,1093.3599999999994,1455.8600000000051,-385.5680000000058,35.669999999999675,4147.230999999997,6.285468750000001,0.108704407637914,561.995979733606,977.2709999999963,147.63400000000573,FRB/US
2000Q3,0.407522681486938,172.99076923076922,4.028613760517992,14145.312000000009,10318.165000000014,1255.1330000000048,219.0489999999997,0.137738886015378,0.235266203156408,1125.0020000000009,1518.8690000000108,-417.89600000001013,30.48000000000004,4107.481999999995,6.51142857142857,0.109040066886546,552.1598306199487,988.7379999999991,157.6520000000071,FRB/US
2000Q4,2.381054313956099,174.22769230769248,3.918586463412128,14229.765000000025,10435.744000000028,1266.4720000000068,221.2670000000014,0.137738886015378,0.233412537911002,1113.1770000000008,1524.520000000005,-425.11600000000334,54.68700000000083,4090.024999999992,6.499677419354841,0.109380760853581,554.3106851530055,1004.430999999999,157.99900000001153,FRB/US
2001Q1,-1.3133489796565814,175.89230769230784,4.23296352985558,14183.120000000063,10470.231000000025,1309.906000000011,185.0539999999975,0.137738886015378,0.231552607753602,1096.8120000000008,1499.4640000000088,-428.5440000000083,40.0659999999996,4122.029999999987,5.611774193548388,0.109726546506346,569.5529980541154,1037.5159999999953,128.43200000001625,FRB/US
2001Q2,2.4902439659093996,177.13846153846168,4.415715896965593,14271.69400000007,10599.00000000007,1316.1050000000157,179.04000000000187,0.137738886015378,0.229717726843516,1058.0130000000015,1422.0280000000168,-381.00400000001554,48.427000000000014,3976.2289999999803,4.33078125,0.110077470842707,581.9110153799484,1067.4749999999997,94.77800000002321,FRB/US
2001Q3,-1.6057756167256798,177.61538461538478,4.813780616662685,14214.516000000142,10598.020000000084,1121.6120000000185,159.2570000000047,0.137738886015378,0.227940002468489,998.9020000000023,1369.536000000015,-413.7400000000124,25.018000000000363,4058.1809999999705,3.487936507936509,0.110433572317617,587.0723594453826,1073.8669999999952,-130.02299999996566,FRB/US
2001Q4,1.0975945209438005,177.50303030303047,5.5432999155039475,14253.574000000131,10660.465000000077,1240.284000000021,142.38600000000545,0.137738886015378,0.22625026808979,953.5200000000026,1323.208000000025,-353.0520000000227,87.94299999999969,4145.236999999957,2.153387096774194,0.110794881899888,597.714332027448,1120.670999999993,-33.02899999996067,FRB/US
2002Q1,3.3315222275589917,178.05625000000018,5.706287843275241,14372.785000000176,10783.500000000084,1082.726000000025,143.82300000000717,0.137738886015378,0.224675924390608,969.1570000000033,1356.0410000000243,-410.4320000000198,49.64300000000107,4183.972999999942,1.7408064516129034,0.111161422276066,622.2241088214219,1152.0629999999876,-225.8319999999477,FRB/US
2002Q2,2.4433486773887125,179.46307692307707,5.854081137684176,14460.848000000206,10887.46000000009,1058.9560000000322,150.0300000000083,0.137738886015378,0.223237345555239,1004.1540000000043,1432.413000000038,-458.67600000003296,30.923000000000332,4213.893999999923,1.756562500000011,0.111533211022401,638.4797578262626,1172.0859999999814,-262.15399999993156,FRB/US
2002Q3,1.6227496189529231,180.4212121212123,5.740611949501204,14519.633000000254,10984.040000000105,1052.1900000000405,157.95900000000822,0.137738886015378,0.221945627881899,1015.560000000006,1463.107000000047,-459.41600000003996,43.47500000000071,4314.503999999896,1.748125000000009,0.111910262128689,645.5156896301052,1183.715999999976,-278.6679999999167,FRB/US
2002Q4,0.4941148975902365,181.49545454545486,5.86124810890129,14537.580000000267,11061.433000000132,1047.0940000000508,175.49600000001033,0.137738886015378,0.220802989763593,1003.0460000000086,1499.3350000000548,-495.90000000004426,59.13200000000178,4427.327999999865,1.455483870967742,0.112292586330221,660.6769401306107,1200.8429999999723,-304.59899999989733,FRB/US
2003Q1,2.1010403063407064,183.33906250000058,5.888651665409676,14614.1410000003,11174.129000000163,1029.1510000000603,196.05000000001135,0.137738886015378,0.219803396761454,1004.2010000000115,1529.463000000063,-541.4480000000492,43.56000000000203,4517.891999999829,1.255245901639345,0.112680190652636,666.1657784393338,1220.714999999968,-330.4449999998798,FRB/US
2003Q2,3.526892181148611,183.06615384615438,6.166775241544079,14743.56700000036,11312.76600000022,1031.5550000000726,192.63100000001563,0.137738886015378,0.218933306258005,1007.465000000014,1527.3360000000707,-517.3440000000546,56.36500000000203,4585.542999999788,1.2537500000000512,0.113073078340461,696.6818545234051,1238.3449999999666,-387.25499999985664,FRB/US
2003Q3,6.598081034378822,184.42121212121285,6.117294553132265,14988.782000000432,11566.669000000256,958.9850000000838,213.8670000000188,0.137738886015378,0.218175244735002,1037.3100000000156,1556.3040000000806,-520.4200000000621,54.50300000000228,4702.628999999738,1.015,0.113471248746759,698.0923712918112,1256.5399999999597,-469.4359999998306,FRB/US
2003Q4,4.616146818961653,185.13939393939467,5.827283440811968,15162.760000000462,11772.234000000262,1031.4320000000987,236.57100000001842,0.137738886015378,0.217506359090276,1091.6820000000205,1615.3760000000952,-509.9600000000734,79.55800000000094,4848.034999999678,0.9995161290324108,0.11387469748381,718.7653397673998,1258.3009999999501,-402.3839999998054,FRB/US
2004Q1,2.2602080955621773,186.70615384615488,5.694431189532871,15248.680000000511,11923.447000000295,1021.8760000001118,246.98900000002453,0.137738886015378,0.216900151157104,1133.669000000026,1699.644000000111,-547.9560000000808,98.00700000000366,4970.104999999609,1.003225806451613,0.114283416471711,728.1107282628717,1299.9189999999433,-428.97399999977443,FRB/US
2004Q2,3.087859967578055,188.16615384615497,5.603463256274643,15366.850000000579,12112.815000000362,1035.8080000001294,266.7590000000219,0.137738886015378,0.216328019789282,1170.1520000000305,1787.7340000001136,-624.4360000001079,72.79499999997503,5018.843999999541,1.0132812500025603,0.114697392178025,733.7314088563267,1313.9769999999403,-396.91699999974725,FRB/US
2004Q3,3.776491954068462,189.36666666666804,5.452139139844871,15512.619000000579,12305.30700000035,1072.879000000146,288.34499999999514,0.137738886015378,0.215757894368897,1180.1850000000284,1832.856000000074,-646.0080000001586,81.6119999998866,5117.263999999468,1.4393750000091083,0.115116606946076,745.724350072273,1321.2069999999321,-365.9809999997549,FRB/US
2004Q4,4.060156528448999,191.41363636363792,5.405891795020728,15670.880000000416,12527.214000000222,1104.855000000146,293.55499999999194,0.137738886015378,0.215155935220558,1221.4440000000202,1921.7800000000495,-725.1640000001042,54.43899999992438,5250.882999999406,1.957142857146458,0.115541038174976,740.3644753067404,1339.584999999927,-382.0899999997998,FRB/US
2005Q1,4.413020211694629,192.3890625000017,5.295075261610392,15844.727000000425,12767.286000000226,1183.1500000001517,370.5930000000028,0.137738886015378,0.214487618460544,1258.408000000017,1955.063000000027,-683.2960000000337,87.07799999997557,5403.994999999335,2.480483870967753,0.115970657036629,752.6078414862097,1381.9449999999267,-305.2289999997859,FRB/US
2005Q2,1.965660123448032,193.6661538461557,5.127289800269222,15922.782000000374,12922.656000000205,1206.2530000001539,359.0359999999759,0.137738886015378,0.213718822590066,1294.8530000000137,2002.0630000000158,-722.5680000000908,74.34199999991066,5356.971999999298,2.9426562500059146,0.116405427815485,753.3677640558436,1396.361999999934,-306.6769999998105,FRB/US
2005Q3,3.1230326804511317,196.6181818181839,4.980116892033038,16047.587000000294,13142.642000000214,1238.5980000001548,365.22299999997693,0.137738886015378,0.212821033296207,1302.3150000000064,2053.274999999991,-752.7720000000855,83.02599999989903,5443.775999999248,3.4623437500066405,0.11684530919439,763.9196473893572,1416.502999999945,-300.5909999998331,FRB/US
2005Q4,2.2159169488269015,198.42307692307918,4.9706106128270235,16136.734000000166,13324.204000000149,1268.6410000001438,402.88199999999085,0.137738886015378,0.211769816856963,1350.7430000000008,2155.5289999999845,-838.2920000000132,54.753999999970866,5584.7749999992,3.976666666666667,0.117290253201153,762.5416007468061,1425.721999999958,-262.53199999986685,FRB/US
2006Q1,5.345655379085201,199.47230769231018,4.733425339462896,16353.835000000188,13599.160000000176,1331.1270000001416,416.85399999999566,0.137738886015378,0.210544886542884,1413.9659999999976,2204.783999999979,-798.0239999999982,55.790999999983306,5726.755999999149,4.46725806451613,0.117740204591795,794.7900931569501,1473.0209999999643,-245.2889999998572,FRB/US
2006Q2,1.0336742995612271,201.28461538461806,4.671915225620329,16396.151000000224,13753.424000000197,1362.2490000001383,427.5810000000038,0.137738886015378,0.209131792544202,1459.7670000000028,2253.8090000000243,-819.812000000027,49.45299999999427,5656.529999999125,4.90375,0.118195099704595,787.5518028598167,1494.472999999969,-230.57999999984972,FRB/US
2006Q3,0.5993744160342376,203.18615384615666,4.66657766068409,16420.7380000003,13870.18800000029,1370.4240000001416,446.5710000000201,0.137738886015378,0.207522053950135,1475.417000000007,2298.702000000059,-873.7680000000446,36.45800000000704,5714.827999999073,5.249365079365077,0.118654868138452,775.7799100505498,1520.6909999999764,-212.85099999981753,FRB/US
2006Q4,3.4231102261657043,202.32153846154154,4.4628711143470605,16561.866000000304,14039.56000000031,1418.9430000001455,409.7940000000182,0.137738886015378,0.205714016569984,1531.531000000012,2269.1980000000854,-774.9840000000735,44.137000000000626,5803.922999999009,5.245645161290323,0.119119432239517,793.6265874087995,1518.9469999999744,-199.0559999998031,FRB/US
2007Q1,1.2015362468531525,204.30626153846475,4.539896274774071,16611.690000000326,14215.651000000371,1478.688000000152,413.64600000002486,0.137738886015378,0.203713717025517,1577.9910000000175,2317.2640000001074,-801.2600000000875,42.94200000000291,5940.823999998929,5.261935483870968,0.119588707101234,787.2181088403756,1593.8799999999726,-209.83999999977502,FRB/US
2007Q2,2.4395931658716563,206.6348153846189,4.51060527608338,16713.31400000029,14402.0820000004,1509.6270000001512,407.1730000000315,0.137738886015378,0.201533207854443,1622.7640000000263,2368.5690000001186,-773.3360000000882,61.194000000004834,5819.982999998896,5.248906249999999,0.120062598960474,806.9059632588358,1584.155999999974,-230.9959999997615,FRB/US
2007Q3,2.2974924437264117,207.91610769231136,4.679084651979779,16809.587000000443,14564.117000000471,1511.8490000001602,370.9130000000386,0.137738886015378,0.199193427387734,1685.710000000032,2414.6640000001216,-703.0240000000822,117.6340000000076,5941.9399999988045,5.09031746031746,0.12054100839862,814.1283252474499,1604.8659999999638,-278.9889999997195,FRB/US
2007Q4,2.5050862048800586,210.45550000000392,4.820112924168256,16915.191000000523,14715.058000000485,1525.3540000001735,352.74500000003405,0.137738886015378,0.196722260633919,1750.7140000000393,2480.4130000001687,-668.576000000125,160.8860000000044,6074.3149999987045,4.496451612903225,0.121023827622191,832.2060414497516,1641.149999999948,-318.8809999996887,FRB/US
2008Q1,-1.7107102360135686,212.7513384615427,5.011185954669531,16843.003000000514,14706.538000000553,1549.8330000001856,291.9250000000308,0.137738886015378,0.194152924534172,1813.3210000000465,2584.5680000002008,-729.1360000001802,150.8029999999745,6259.452999998594,3.168870967743802,0.121510940045049,847.2004582898027,1675.2679999999489,-404.5739999996717,FRB/US
2008Q2,2.374650372526332,215.50804615385064,5.351879416132602,16943.291000000536,14865.701000000547,1566.963000000194,278.7330000000329,0.137738886015378,0.191523437292143,1905.2820000000552,2681.6860000001984,-719.2640000001437,157.50899999999965,6217.604999998556,2.0903125,0.122002220583853,869.2997379006329,2021.8069999999404,-776.4459999996623,FRB/US
2008Q3,-2.1065695211113673,218.86593939394413,6.043409219164537,16854.29500000059,14898.99900000065,1512.8490000002116,264.3679999999976,0.137738886015378,0.18887284660724,1922.2150000000565,2709.5690000001473,-712.776000000276,176.73099999981568,6762.925999998369,1.957500000010489,0.122497535789656,879.5393149475261,1811.3479999999392,-619.5389999996602,FRB/US
2008Q4,-8.853365095799859,213.88028787879267,6.89242122104062,16485.350000000333,14608.20900000048,1468.1040000001951,162.55199999999724,0.137738886015378,0.186240771768159,1700.304000000036,2328.779000000086,-624.9160000001993,95.81399999985155,7376.816999998204,0.5340322580693488,0.122996764946469,888.9511590126234,1777.685999999942,-699.1889999997768,FRB/US
2009Q1,-4.565452543960902,212.36743750000485,8.311657929561001,16298.262000000355,14430.902000000444,1215.914000000181,166.47600000001447,0.137738886015378,0.183666181776368,1511.7680000000244,1932.7610000000134,-397.60800000003286,120.68199999995714,7820.166999998117,0.187049180327869,0.12349978368454,900.248996746671,1889.8769999999458,-1100.3229999997989,FRB/US
2009Q2,-0.7152428870519145,213.5144615384666,9.30944849962639,16269.145000000326,14381.236000000385,1144.8480000001734,188.56800000000797,0.137738886015378,0.181182706489851,1521.0930000000258,1879.4610000000378,-348.35600000004905,122.76599999996385,8162.89399999807,0.17859375,0.12400646050365,923.2615411524645,2024.206999999948,-1300.8469999998192,FRB/US
2009Q3,1.4023086188579725,215.3331060606115,9.641458177640793,16326.281000000425,14448.882000000518,1146.6420000001797,200.68100000003002,0.137738886015378,0.178815325443615,1594.7250000000324,2018.7220000000818,-365.5360000000542,182.425999999996,8557.507999998003,0.154615384615385,0.124516663149986,932.5292748290349,2049.793999999955,-1307.401999999776,FRB/US
2009Q4,4.3004541517007056,217.03171212121774,9.951066554396881,16502.754000000517,14651.249000000602,1153.1780000001922,234.16100000003868,0.137738886015378,0.176582997382377,1703.5080000000423,2176.7630000001404,-407.41600000010015,175.09599999999898,8882.644999997936,0.118709677419355,0.125030266622286,948.9822279070294,2047.237999999957,-1264.1259999997378,FRB/US
2010Q1,1.9333240882723146,217.37479687500604,9.854748771418489,16582.71000000054,14764.610000000657,1204.0270000002035,249.77300000004408,0.137738886015378,0.174497749798008,1759.8770000000518,2269.069000000182,-412.1360000001323,204.28499999999892,9343.728999997833,0.13672131147541,0.125547153632512,958.8948666439309,2159.561999999955,-1344.4169999997089,FRB/US
2010Q2,3.8517399290441285,217.2974461538525,9.684375002597438,16743.16200000062,14980.193000000809,1226.8470000002226,255.59300000005493,0.137738886015378,0.172567020761479,1819.7410000000639,2362.255000000213,-446.9440000001486,206.83100000000172,9692.461999997746,0.191875,0.126067212730275,969.1469900228896,2165.1769999999574,-1325.03899999966,FRB/US
2010Q3,3.0725090820020284,217.9343333333398,9.502867784195455,16872.26600000063,15141.607000000853,1268.9260000002334,272.56100000006177,0.137738886015378,0.17079414953149,1877.2530000000754,2431.195000000237,-466.47600000016456,198.1059999999989,10099.247999997631,0.1884375,0.126590343725849,966.4780936416194,2189.8269999999507,-1309.1479999996252,FRB/US
2010Q4,2.094945457781705,219.72077272727947,9.555559732410385,16960.86400000068,15309.474000000986,1306.1300000002473,283.99600000007257,0.137738886015378,0.169179209610059,1972.116000000094,2495.702000000257,-402.4840000001622,213.31100000000265,10528.5619999975,0.189365079365079,0.127116456090714,966.4954155818817,2201.1989999999573,-1294.8419999995917,FRB/US
2011Q1,-0.949946694419879,222.07726562500721,9.055626694684786,16920.632000000678,15351.448000001039,1440.123000000264,277.28600000007384,0.137738886015378,0.167718604336635,2040.407000000108,2608.8840000002824,-476.9440000001737,222.88700000000375,10774.647999997404,0.155483870967742,0.127645469268636,942.7074762708121,2209.7889999999547,-1244.4079999995643,FRB/US
2011Q2,2.6972149874687545,224.5756461538537,9.091062219433013,17035.1140000008,15557.539000001134,1459.368000000278,276.91500000008097,0.137738886015378,0.166405934938356,2116.1320000001256,2697.2240000003,-477.74000000017423,222.47100000000285,10885.27499999733,0.09328125,0.128177311804698,938.7233101786211,2210.0299999999525,-1274.4049999995284,FRB/US
2011Q3,-0.089260902313981,226.04343939394738,9.03544692508976,17031.313000000766,15647.680000001206,1487.8270000002876,248.15300000008347,0.137738886015378,0.165233783883135,2156.793000000137,2723.903000000325,-427.44000000018747,245.8180000000042,11276.943999997176,0.08390625,0.128711919807037,910.7608904615709,2200.317999999957,-1218.4589999995087,FRB/US
2011Q4,4.46715872458654,227.05190769231612,8.675531842012314,17222.58300000083,15842.259000001384,1487.7120000003001,286.9970000001032,0.137738886015378,0.164192211685416,2150.123000000148,2751.911000000344,-439.084000000196,260.55200000000383,11667.249999997019,0.075081967213115,0.129249235162612,915.5040480996179,2209.7449999999685,-1199.2889999994743,FRB/US
2012Q1,3.34037672751748,228.32595384616255,8.269110081173764,17367.010000000868,16068.80500000145,1483.718000000309,310.7140000001156,0.137738886015378,0.163266170849852,2189.9810000001626,2792.253000000362,-455.648000000203,246.18800000000036,12049.104999996844,0.106290322580645,0.129789203612067,915.6159790820917,2199.2629999999654,-1110.3939999994413,FRB/US
2012Q2,1.7813665065311566,228.80507692308575,8.184953906903338,17444.52500000098,16207.115000001542,1503.776000000325,325.0410000001251,0.137738886015378,0.16243721945537,2215.5860000001744,2780.8270000003768,-440.01600000020585,228.09599999999998,12253.604999996702,0.15453125,0.130331774270974,906.9366009365509,2229.9999999999577,-1093.119999999401,FRB/US
2012Q3,0.5756975059455275,229.80606153847083,8.024221356941508,17469.650000001046,16319.541000001658,1526.4530000003385,332.8760000001371,0.137738886015378,0.161684762037743,2227.734000000182,2750.817000000406,-395.46400000022993,229.21099999999882,12503.108999996542,0.146190476190476,0.130876897574837,911.8825436637937,2242.4709999999573,-1086.7439999993658,FRB/US
2012Q4,0.4622949663016131,231.37565151516108,7.818849601662355,17489.85200000107,16420.419000001762,1590.9120000003652,332.83000000014266,0.137738886015378,0.160987432889265,2237.498000000197,2753.373000000428,-381.60000000023257,227.2670000000026,12847.827999996338,0.160967741935484,0.131424525764301,887.3513464719077,2247.802999999958,-1000.4849999993291,FRB/US
2013Q1,3.926903706206275,232.26998437501004,7.75807777827172,17662.400000001082,16648.189000001843,1667.972000000376,350.6160000001457,0.137738886015378,0.160324011590242,2255.92900000021,2755.277000000428,-363.6920000002177,215.8970000000042,13195.651999996106,0.144262295081967,0.131974611924474,860.1175700085981,2260.3649999999643,-774.2599999993042,FRB/US
2013Q2,1.0691153060562901,232.03035384616422,7.550760173783401,17709.671000001166,16728.687000001886,1700.9760000003903,347.25000000014575,0.137738886015378,0.159673595039269,2261.4030000002217,2759.7830000004133,-356.6440000001903,229.01500000000556,13104.00799999597,0.11703125,0.132527108813019,853.8727577828291,2276.728999999953,-531.2889999992474,FRB/US
2013Q3,3.391158621001012,233.29024242425308,7.27144563503615,17860.450000001296,16953.83800000192,1694.862000000411,353.85400000014647,0.137738886015378,0.159016821263779,2285.11600000023,2767.1830000004416,-341.56800000021275,240.41800000000322,13257.91899999577,0.08546875,0.13308196811715,843.5758238530884,2298.70999999993,-703.3949999992135,FRB/US
2013Q4,3.4718560953066913,234.15613636364762,6.966885392087067,18016.147000001347,17192.01900000199,1718.8370000004325,356.64900000014677,0.137738886015378,0.158335711810697,2349.2400000002485,2783.259000000481,-296.16400000023157,235.6200000000049,13705.126999995438,0.085483870967742,0.133639140079929,830.4718887326195,2264.880999999922,-526.7979999991619,FRB/US
2014Q1,-1.3827712598633464,235.61175000001177,6.642746676087006,17953.974000001388,17197.738000002086,1767.6240000004614,392.6210000001528,0.137738886015378,0.15761396273714,2343.602000000266,2853.690000000506,-363.65600000023386,237.4670000000106,13954.550999995157,0.072786885245902,0.13419857313486,820.2401194848414,2311.646999999924,-556.5639999991216,FRB/US
2014Q2,5.134276091659729,236.86681538462787,6.231531604892372,18185.911000001393,17518.508000002163,1779.426000000476,414.2810000001626,0.137738886015378,0.156836826915499,2395.1680000002902,2900.572000000512,-348.6760000002138,228.3970000000119,13911.000999994982,0.09109375,0.134760210464934,815.2974102951557,2324.5459999999216,-580.24199999909,FRB/US
2014Q3,4.832259330313349,237.47890909092203,6.110223979226464,18406.941000001458,17804.228000002302,1819.8580000004993,386.70500000017023,0.137738886015378,0.155994764923288,2399.1910000003004,2888.549000000511,-356.75600000020097,252.00200000001615,14141.264999994697,0.0896875,0.135323991116997,831.9599673951454,2354.1769999999246,-627.9249999990495,FRB/US
2014Q4,2.0178344061740465,236.88403030304386,5.722181558563169,18500.031000001476,17912.079000002508,1857.3550000005212,390.39000000018564,0.137738886015378,0.155082800742595,2376.2180000003145,2906.969000000538,-411.1360000002163,222.76800000001361,14441.053999994374,0.102096774193548,0.135889849061012,815.9389006034668,2425.462999999952,-611.3529999990184,FRB/US
2015Q1,3.585819150774227,235.35540625001386,5.539569541242275,18666.621000001658,18063.52900000276,1927.5470000005573,402.7460000002076,0.137738886015378,0.154098009562537,2299.0450000003175,2825.476000000528,-397.580000000203,222.74100000001445,14519.90899999412,0.114590163934426,0.136457713378069,820.3044004577573,2472.6619999999657,-578.6809999989612,FRB/US
2015Q2,2.4699786330174334,236.95936923078355,5.447266579062003,18782.243000001832,18279.78400000285,1965.7220000005925,408.3110000002127,0.137738886015378,0.153039967820364,2300.441000000325,2809.968000000566,-397.90000000023736,211.9830000000102,14505.615999993883,0.1259375,0.137027511165673,825.0878184139046,2491.3759999999397,-545.3769999988888,FRB/US
2015Q3,1.5977848462775062,237.85501515152998,5.1310699762489484,18857.4180000019,18401.626000002936,1971.5550000006233,380.2240000001998,0.137738886015378,0.151912262818604,2260.724000000334,2798.8060000006076,-439.70800000026713,213.16000000001463,14600.72999999359,0.135692307692308,0.13759916913263,824.2979838427308,2527.959999999936,-565.2469999988531,FRB/US
2015Q4,0.7372366908448672,237.83312121213675,5.042444871081575,18892.206000002057,18435.137000003044,1987.4420000006633,349.31700000019356,0.137738886015378,0.150723320187812,2222.279000000347,2745.5170000006065,-398.62800000024254,232.63000000002438,15165.625999993059,0.160806451612903,0.138172612729691,832.9691191198402,2450.0299999999065,-540.4529999987774,FRB/US
2016Q1,2.311386607388499,237.70135384616984,4.908896036769526,19001.690000002065,18525.933000003144,1949.9310000006844,364.1040000001972,0.137738886015378,0.149485186094272,2181.9570000003596,2693.639000000627,-416.0600000002528,214.6260000000233,15401.754999992681,0.365806451612903,0.13874776650914,831.6053970245772,2550.5829999999155,-638.7609999987396,FRB/US
2016Q2,1.282438265070596,239.5995384615553,4.934532161875242,19062.709000002145,18711.702000003326,1967.568000000712,367.13700000020475,0.137738886015378,0.148212833022318,2221.936000000386,2711.3060000006217,-401.9240000002131,215.74700000003284,15409.706999992404,0.37,0.139324548701176,824.5302398439809,2564.0989999999138,-654.5619999986856,FRB/US
2016Q3,2.827543676441735,240.61406060607817,4.899861195040316,19197.938000002145,18892.639000003433,1996.0350000007406,375.51400000020254,0.137738886015378,0.146924312334497,2270.0000000004156,2751.2290000006433,-398.24800000020844,219.82400000003085,15668.296999991999,0.3953125,0.139902875429288,830.2858531058342,2606.0689999999186,-681.768999998654,FRB/US
2016Q4,2.21107411448429,242.14072307694167,4.792278801805243,19304.352000002185,19089.379000003588,2017.684000000761,353.4260000002054,0.137738886015378,0.145641684433255,2268.3390000004383,2799.1450000006516,-368.63200000018355,275.26300000003994,16008.290999991541,0.449180327868853,0.140482659317988,831.9151017656167,2597.0769999999306,-694.1169999986316,FRB/US
2017Q1,1.9428349324158491,243.83433846155805,4.582740611647296,19398.34300000226,19280.084000003797,2028.2450000007898,266.9070000002031,0.137738886015378,0.144391454091473,2339.728000000469,2873.1480000006845,-341.85200000018114,272.27300000004186,16005.624999991258,0.703870967741935,0.141063810062694,826.3784363158604,2605.4359999999388,-710.0779999985828,FRB/US
2017Q2,2.233244405194057,244.11596923078943,4.376841266223723,19506.949000002394,19438.64300000397,2037.0880000008176,279.58900000020833,0.137738886015378,0.143202790176289,2349.681000000488,2903.180000000716,-415.7600000002033,264.16200000003744,15964.127999990986,0.952812499999999,0.141646232116232,834.3091526935584,2657.8859999999454,-727.7999999985311,FRB/US
2017Q3,3.1417261027399945,245.28380000002124,4.328403519480593,19660.766000002444,19692.595000004127,2080.123000000851,295.69500000022,0.137738886015378,0.142101341430041,2384.5240000005138,2916.0220000007516,-343.0640000002056,308.4550000000442,16267.150999990505,1.155555555555554,0.14222982307925,832.9133059699531,2691.053999999944,-741.8049999984755,FRB/US
2017Q4,4.482971107758971,247.22961538463773,4.1857442935354605,19882.352000002567,20037.088000004267,2149.564000000888,296.92400000022127,0.137738886015378,0.141110347010155,2479.107000000555,3034.0040000007934,-369.78400000020235,326.91000000005033,16606.93899998999,1.201774193548386,0.142814474733964,849.3451050205982,2713.1449999999436,-767.5049999984295,FRB/US
2018Q1,3.2404778196692523,249.3081692307924,4.040592988871734,20044.07700000266,20328.553000004515,2096.480000000906,270.35900000022673,0.137738886015378,0.140251499457331,2517.2680000005885,3093.2990000008276,-387.6920000001991,314.8220000000538,17070.616999989405,1.447903225806453,0.143400072796428,862.876198730167,2744.155999999951,-884.2769999983846,FRB/US
2018Q2,2.1176849215095217,250.68247692310115,3.93846264190386,20150.47600000277,20580.912000004744,2083.7650000009294,289.50500000024164,0.137738886015378,0.139544737494224,2562.1720000006167,3105.9950000008607,-376.6160000002071,303.4710000000527,17114.195999989068,1.737187500000001,0.143986495771684,870.2329355784178,2774.2259999999537,-901.0609999983086,FRB/US
2018Q3,2.487041930091749,251.67072307694838,3.8011819295067486,20276.154000002844,20798.73000000498,2110.7280000009605,287.1420000002481,0.137738886015378,0.139006366169256,2535.5010000006355,3153.7470000009093,-477.7960000002383,268.2440000000514,17440.62099998853,1.923492063492064,0.144573614162037,885.7570420666226,2766.9349999999613,-879.8099999982456,FRB/US
2018Q4,0.5661759932770847,252.71107575760206,3.8465539680528877,20304.874000003012,20917.867000005168,2108.591000000991,293.3300000002582,0.137738886015378,0.138649949694211,2537.415000000655,3171.6220000009316,-517.292000000241,274.6920000000555,17865.025999987916,2.21709677419355,0.145161289504258,895.2826396909456,2818.655999999959,-960.3899999981721,FRB/US
2019Q1,2.4895091629090866,253.36093750002726,3.867647667308483,20431.64100000316,21111.60000000535,2181.163000001045,269.1790000002631,0.137738886015378,0.138486252143326,2540.24400000068,3132.5390000009775,-460.5160000002601,292.31500000005707,18143.77899998739,2.401311475409838,0.145749372033422,916.5480293677867,2913.220999999946,-1035.6489999980827,FRB/US
2019Q2,3.32671117315968,255.249138461567,3.6703758416056287,20602.27500000325,21397.93800000559,2244.2880000010855,282.4280000002655,0.137738886015378,0.138523426845819,2547.4480000007106,3165.410000001038,-468.02800000028236,292.91500000006386,18053.020999987126,2.3978125,0.146337701402653,916.2978489352765,2939.8369999999572,-1055.4319999980476,FRB/US
2019Q3,4.652841032365983,256.07981818184794,3.631264444937286,20843.322000003416,21717.171000005877,2222.062000001115,280.98600000027994,0.137738886015378,0.138765394129993,2532.4050000007314,3117.9520000010198,-440.6320000002332,279.7460000000735,18616.23299998636,2.1978125,0.146926109555476,930.7512433421241,2951.452999999954,-1064.6739999979777,FRB/US
2019Q4,2.718254387221464,257.8770303030615,3.5788200796062823,20985.448000003445,21933.21700000617,2253.0600000011573,302.2130000002898,0.137738886015378,0.139212393424697,2537.4660000007643,3050.824000001039,-397.83200000022623,262.6060000000698,19039.89799998568,1.650483870967741,0.147514419662794,937.4164816132184,2988.8489999999715,-1019.4139999979297,FRB/US
2020Q1,-5.608905961006627,258.754738461571,3.8440229316111525,20693.23800000343,21727.657000006326,2276.16800000118,255.92800000025608,0.137738886015378,0.139860549902949,2416.1810000007563,2929.759000000986,-402.12800000017415,271.29200000008046,19539.60799998496,1.232903225806452,0.148102444653039,949.1318254416083,3052.6300000000033,-1072.4129999979607,FRB/US
2020Q2,-32.957035958051506,256.33335384618704,13.019188117246921,19056.61700000319,19935.44400000598,2133.6390000010924,266.0340000002462,0.137738886015378,0.14070302662505,1814.4010000005892,2350.9260000007303,-601.4440000001055,178.4110000000758,22391.681999983688,0.05875,0.148689986856235,1047.2954354693516,5351.612000000429,-5349.866999999018,FRB/US
2020Q3,30.15512563270164,259.2271515151863,8.836065579679689,20548.793000003472,21684.551000006668,2275.172000001141,340.107000000326,0.137738886015378,0.141728805464051,2105.083000000697,2801.4820000008517,-675.7160000001156,209.87700000007143,22920.578999983565,0.092769230769231,0.149276838936542,991.7088333700746,4238.541000000267,-3362.8839999985225,FRB/US
2020Q4,4.315538261195684,261.066484848521,6.750529253340674,20771.69100000355,22068.76700000696,2406.7500000011846,333.62200000030515,0.137738886015378,0.14292467119638,2268.8910000007622,3027.199000000987,-725.5160000002106,186.8080000000419,23621.05999998297,0.089032258064516,0.149862894645914,996.922246767235,3591.20700000018,-1977.843999998227,FRB/US
2021Q1,5.4829932424176775,263.7104375000378,6.242108359103899,21058.379000003453,22656.793000007197,2578.0960000012224,373.08200000034395,0.137738886015378,0.144274517467394,2381.2240000008146,3176.9820000010814,-758.016000000243,183.4630000000513,23962.808999983154,0.076393442622951,0.150448090470693,1055.61833512638,5880.26100000064,-4170.416999998635,FRB/US
2021Q2,6.231388706071783,268.62529230773197,5.93933611489868,21389.005000003606,23368.861000007597,2706.203000001261,437.59300000038826,0.137738886015378,0.145760578909852,2505.0320000008696,3340.1140000011287,-844.9400000002356,129.9920000000508,24321.358999983153,0.06875,0.151032373729564,1023.7299908602301,4174.350000000335,-3359.5409999985786,FRB/US
2021Q3,3.3969327271442755,272.89000000004154,5.133398153928587,21571.421000003676,23921.99100000794,2781.773000001298,463.8580000003958,0.137738886015378,0.147362907875707,2570.1030000009105,3458.7830000012104,-939.9720000002898,135.4210000000479,24449.96799998301,0.0903125,0.151615800103444,996.7099255439205,3933.237000000293,-2270.412999998233,FRB/US
2021Q4,7.148379282894268,278.7466060606499,4.17840780587367,21960.388000003826,24777.03800000838,2880.152000001355,526.0000000004133,0.137738886015378,0.149060621433643,2765.360000000997,3685.956000001338,-928.992000000318,161.7330000000576,25304.48399998215,0.07952380952381,0.152198453820738,1010.0343715497047,3730.1600000002472,-1554.6939999979718,FRB/US
2022Q1,-1.0311458060165535,284.9157656250463,3.849260983447722,21903.85000000378,25215.491000008773,3289.0930000014955,550.4120000004218,0.137738886015378,0.150832901061779,2848.6980000010535,3925.7420000014936,-1167.2760000004287,117.65100000005566,26035.87099998118,0.124354838709677,0.152780432637255,978.5408568086381,3806.467000000288,-897.4229999977395,FRB/US
2022Q2,0.2806193163372941,291.7516000000487,3.6723496725065528,21919.222000003836,25805.791000009263,3332.0310000015356,574.7100000004574,0.137738886015378,0.15266150188567,3071.551000001158,4093.6630000015803,-1052.3960000003935,160.97400000007204,26070.380999980698,0.758571428571428,0.153361834908307,971.7070701670768,3832.4020000003156,-907.8919999976393,FRB/US
2022Q3,2.6838090928244185,295.51251515156576,3.566360249027137,22066.784000004012,26272.01100000959,3258.703000001554,561.226000000467,0.137738886015378,0.154532068202416,3102.550000001195,3988.447000001556,-922.1160000003371,176.56500000007244,26488.09399997992,2.2009375,0.153942757869117,971.1711310770337,3903.022000000314,-1052.5419999975177,FRB/US
2022Q4,3.297680891458299,298.44989230774485,3.581549507459946,22249.459000004084,26734.27700000994,3236.845000001564,569.0860000004668,0.137738886015378,0.156433452145118,3046.7180000011926,3897.402000001578,-906.6040000003652,141.89800000006602,26851.375999979202,3.649672131147545,0.154523293568654,1002.9528885960684,3967.5010000003304,-1223.2869999974578,FRB/US
2023Q1,2.758640643497756,301.2019076923624,3.5147932207630457,22403.435000004218,27164.359000010463,2869.036000001485,592.9330000004909,0.137738886015378,0.158355983382441,3060.562000001224,3874.2100000016135,-921.3200000003698,100.06600000007043,27248.22799997855,4.521935483870969,0.155103527996035,1016.7380841853824,4001.9650000003658,-1637.5439999974806,FRB/US
2023Q2,2.42055687861722,303.47847692313366,3.5595710605574737,22539.41800000437,27453.815000010778,2864.10300000151,591.8640000004872,0.137738886015378,0.160291748132074,2995.524000001221,3799.003000001596,-930.4120000003919,104.73200000003969,27766.008999977785,4.987301587302145,0.155683540408126,1013.457944064281,4037.59000000037,-1659.4789999974,FRB/US
2023Q3,4.263290657979013,306.03903076928987,3.697013724300952,22780.933000004425,27967.69700001116,2901.3280000015366,617.7820000005073,0.137738886015378,0.162235295151518,3062.04100000127,3843.1320000016703,-882.6360000003901,100.50100000006191,28668.651999976682,5.262380952380953,0.156263401225584,1031.5863491590665,4016.667000000372,-1677.1799999973064,FRB/US
2023Q4,3.142315741590096,308.0891076923692,3.7617323611514237,22960.600000004517,28296.967000011533,2930.1940000015575,631.690000000541,0.137738886015378,0.164182982101631,3091.748000001314,3882.899000001715,-887.1360000003781,94.88200000007257,29471.80999997564,5.330000000000001,0.156843170927778,1032.3176495241235,3992.031000000371,-1691.4169999972003,FRB/US
2024Q1,1.6159400794386156,310.94952307698713,3.7807176669088887,23053.54500000456,28624.069000011932,3002.3430000015937,630.2500000005257,0.137738886015378,0.166132728153065,3125.4210000013604,3966.9890000017863,-963.9360000004098,82.19100000007138,30039.200999974793,5.330000000000001,0.157422896349457,1028.5536098666946,4101.541000000428,-1746.1469999971762,FRB/US
2024Q2,2.9450501857652966,313.16475384622044,3.960745373735056,23223.90600000466,29016.71400001241,3058.579000001624,657.3950000005613,0.137738886015378,0.168083120158519,3154.3210000013987,4061.1920000018495,-1067.1480000004365,59.9010000000757,30153.1799999743,5.33,0.158002607514334,1043.1926082939067,4219.362000000486,-1763.6419999970888,FRB/US
2024Q3,1.3832095855842317,315.467534550069,4.294363419649436,23304.353838604806,29198.005538612717,3044.738176211628,666.7106981848684,0.137738886015378,0.168083120158519,3167.0854082814285,4150.367998861936,-1208.823741430514,-8.728641595421248,30217.11495847389,4.94435440636,0.158002607514334,1060.1113865899983,4303.733529220516,-1915.5085869267318,FRB/US
2024Q4,1.9768510670513895,317.2576769740715,4.39999999998954,23419.812000004815,29432.02652091335,3176.7550167317013,681.7367549304774,0.137738886015378,0.168083120158519,3193.335764491441,4234.828498321852,-1302.4358953716794,-42.57473925292501,30728.555809973124,4.558708812759055,0.158002607514334,1072.7245551899987,4388.746880150618,-1894.2253761070572,FRB/US
